<?xml version="1.0" encoding="UTF-8"?>
<reportUnit exportedWithPermissions="true"><folder>/reports_siaps_seguimiento/siaps/seguimiento</folder><name>rpt_dia_cap</name><version>4</version><label>rpt_dia_cap</label><description></description><creationDate>2015-02-06T11:13:35.481-06:00</creationDate><updateDate>2015-02-13T14:43:27.788-06:00</updateDate><mainReport><localResource xmlns:xsi="http://www.w3.org/2001/XMLSchema-instance" exportedWithPermissions="false" dataFile="rpt_dia_cap_.data" xsi:type="fileResource"><folder>/reports_siaps_seguimiento/siaps/seguimiento/rpt_dia_cap_files</folder><name>rpt_dia_cap_</name><version>1</version><label>rpt_dia_cap</label><creationDate>2015-02-06T11:13:35.481-06:00</creationDate><updateDate>2015-02-06T11:13:35.481-06:00</updateDate><fileType>jrxml</fileType></localResource></mainReport><dataSource><uri>/reports_siaps_seguimiento/siaps/seguimiento/sipernes</uri></dataSource><inputControl><localResource xmlns:xsi="http://www.w3.org/2001/XMLSchema-instance" exportedWithPermissions="false" xsi:type="inputControl"><folder>/reports_siaps_seguimiento/siaps/seguimiento/rpt_dia_cap_files</folder><name>id_servicio</name><version>4</version><label>id_servicio</label><description></description><creationDate>2015-02-06T11:13:35.481-06:00</creationDate><updateDate>2015-02-06T11:13:35.481-06:00</updateDate><type>2</type><mandatory>false</mandatory><readOnly>false</readOnly><visible>true</visible><dataType><localResource exportedWithPermissions="false" xsi:type="dataType"><folder>/reports_siaps_seguimiento/siaps/seguimiento/rpt_dia_cap_files/id_servicio_files</folder><name>id_servicio</name><version>0</version><label>id_servicio</label><description></description><creationDate>2015-02-06T11:13:35.481-06:00</creationDate><updateDate>2015-02-06T11:13:35.481-06:00</updateDate><type>2</type><regularExpr></regularExpr><strictMin>false</strictMin><strictMax>false</strictMax></localResource></dataType></localResource></inputControl><inputControl><localResource xmlns:xsi="http://www.w3.org/2001/XMLSchema-instance" exportedWithPermissions="false" xsi:type="inputControl"><folder>/reports_siaps_seguimiento/siaps/seguimiento/rpt_dia_cap_files</folder><name>codigoEmp</name><version>4</version><label>codigoEmp</label><description></description><creationDate>2015-02-06T11:13:35.481-06:00</creationDate><updateDate>2015-02-06T11:13:35.481-06:00</updateDate><type>2</type><mandatory>false</mandatory><readOnly>false</readOnly><visible>true</visible><dataType><localResource exportedWithPermissions="false" xsi:type="dataType"><folder>/reports_siaps_seguimiento/siaps/seguimiento/rpt_dia_cap_files/codigoEmp_files</folder><name>codigoEmp</name><version>1</version><label>codigoEmp</label><description></description><creationDate>2015-02-06T11:13:35.481-06:00</creationDate><updateDate>2015-02-06T11:13:35.481-06:00</updateDate><type>2</type><regularExpr></regularExpr><strictMin>false</strictMin><strictMax>false</strictMax></localResource></dataType></localResource></inputControl><inputControl><localResource xmlns:xsi="http://www.w3.org/2001/XMLSchema-instance" exportedWithPermissions="false" xsi:type="inputControl"><folder>/reports_siaps_seguimiento/siaps/seguimiento/rpt_dia_cap_files</folder><name>codigoExp</name><version>4</version><label>codigoExp</label><description></description><creationDate>2015-02-06T11:13:35.481-06:00</creationDate><updateDate>2015-02-06T11:13:35.481-06:00</updateDate><type>2</type><mandatory>false</mandatory><readOnly>false</readOnly><visible>true</visible><dataType><localResource exportedWithPermissions="false" xsi:type="dataType"><folder>/reports_siaps_seguimiento/siaps/seguimiento/rpt_dia_cap_files/codigoExp_files</folder><name>codigoExp</name><version>0</version><label>codigoExp</label><description></description><creationDate>2015-02-06T11:13:35.481-06:00</creationDate><updateDate>2015-02-06T11:13:35.481-06:00</updateDate><type>1</type><regularExpr></regularExpr><strictMin>false</strictMin><strictMax>false</strictMax></localResource></dataType></localResource></inputControl><inputControl><localResource xmlns:xsi="http://www.w3.org/2001/XMLSchema-instance" exportedWithPermissions="false" xsi:type="inputControl"><folder>/reports_siaps_seguimiento/siaps/seguimiento/rpt_dia_cap_files</folder><name>tipoEstable</name><version>4</version><label>tipoEstable</label><description></description><creationDate>2015-02-06T11:13:35.481-06:00</creationDate><updateDate>2015-02-06T11:13:35.481-06:00</updateDate><type>2</type><mandatory>false</mandatory><readOnly>false</readOnly><visible>true</visible><dataType><localResource exportedWithPermissions="false" xsi:type="dataType"><folder>/reports_siaps_seguimiento/siaps/seguimiento/rpt_dia_cap_files/tipoEstable_files</folder><name>tipoEstable</name><version>0</version><label>tipoEstable</label><description></description><creationDate>2015-02-06T11:13:35.481-06:00</creationDate><updateDate>2015-02-06T11:13:35.481-06:00</updateDate><type>2</type><regularExpr></regularExpr><strictMin>false</strictMin><strictMax>false</strictMax></localResource></dataType></localResource></inputControl><inputControl><localResource xmlns:xsi="http://www.w3.org/2001/XMLSchema-instance" exportedWithPermissions="false" xsi:type="inputControl"><folder>/reports_siaps_seguimiento/siaps/seguimiento/rpt_dia_cap_files</folder><name>fpini</name><version>4</version><label>fpini</label><description></description><creationDate>2015-02-06T11:13:35.481-06:00</creationDate><updateDate>2015-02-06T11:13:35.481-06:00</updateDate><type>2</type><mandatory>false</mandatory><readOnly>false</readOnly><visible>true</visible><dataType><localResource exportedWithPermissions="false" xsi:type="dataType"><folder>/reports_siaps_seguimiento/siaps/seguimiento/rpt_dia_cap_files/fpini_files</folder><name>fpini</name><version>0</version><label>fpini</label><description></description><creationDate>2015-02-06T11:13:35.481-06:00</creationDate><updateDate>2015-02-06T11:13:35.481-06:00</updateDate><type>1</type><regularExpr></regularExpr><strictMin>false</strictMin><strictMax>false</strictMax></localResource></dataType></localResource></inputControl><inputControl><localResource xmlns:xsi="http://www.w3.org/2001/XMLSchema-instance" exportedWithPermissions="false" xsi:type="inputControl"><folder>/reports_siaps_seguimiento/siaps/seguimiento/rpt_dia_cap_files</folder><name>fpfin</name><version>4</version><label>fpfin</label><description></description><creationDate>2015-02-06T11:13:35.481-06:00</creationDate><updateDate>2015-02-06T11:13:35.481-06:00</updateDate><type>2</type><mandatory>false</mandatory><readOnly>false</readOnly><visible>true</visible><dataType><localResource exportedWithPermissions="false" xsi:type="dataType"><folder>/reports_siaps_seguimiento/siaps/seguimiento/rpt_dia_cap_files/fpfin_files</folder><name>fpfin</name><version>0</version><label>fpfin</label><description></description><creationDate>2015-02-06T11:13:35.481-06:00</creationDate><updateDate>2015-02-06T11:13:35.481-06:00</updateDate><type>1</type><regularExpr></regularExpr><strictMin>false</strictMin><strictMax>false</strictMax></localResource></dataType></localResource></inputControl><inputControl><localResource xmlns:xsi="http://www.w3.org/2001/XMLSchema-instance" exportedWithPermissions="false" xsi:type="inputControl"><folder>/reports_siaps_seguimiento/siaps/seguimiento/rpt_dia_cap_files</folder><name>capacitacion</name><version>1</version><label>capacitacion</label><description></description><creationDate>2015-02-13T13:40:59.818-06:00</creationDate><updateDate>2015-02-13T13:40:59.818-06:00</updateDate><type>2</type><mandatory>false</mandatory><readOnly>false</readOnly><visible>true</visible><dataType><localResource exportedWithPermissions="false" xsi:type="dataType"><folder>/reports_siaps_seguimiento/siaps/seguimiento/rpt_dia_cap_files/capacitacion_files</folder><name>capacitacion</name><version>0</version><label>capacitacion</label><description></description><creationDate>2015-02-13T13:40:59.818-06:00</creationDate><updateDate>2015-02-13T13:40:59.818-06:00</updateDate><type>2</type><regularExpr></regularExpr><strictMin>false</strictMin><strictMax>false</strictMax></localResource></dataType></localResource></inputControl><inputControl><localResource xmlns:xsi="http://www.w3.org/2001/XMLSchema-instance" exportedWithPermissions="false" xsi:type="inputControl"><folder>/reports_siaps_seguimiento/siaps/seguimiento/rpt_dia_cap_files</folder><name>municipio</name><version>0</version><label>municipio</label><description></description><creationDate>2015-02-13T14:43:27.788-06:00</creationDate><updateDate>2015-02-13T14:43:27.788-06:00</updateDate><type>2</type><mandatory>false</mandatory><readOnly>false</readOnly><visible>true</visible><dataType><localResource exportedWithPermissions="false" xsi:type="dataType"><folder>/reports_siaps_seguimiento/siaps/seguimiento/rpt_dia_cap_files/municipio_files</folder><name>municipio</name><version>0</version><label>municipio</label><description></description><creationDate>2015-02-13T14:43:27.788-06:00</creationDate><updateDate>2015-02-13T14:43:27.788-06:00</updateDate><type>2</type><regularExpr></regularExpr><strictMin>false</strictMin><strictMax>false</strictMax></localResource></dataType></localResource></inputControl><resource><localResource xmlns:xsi="http://www.w3.org/2001/XMLSchema-instance" exportedWithPermissions="false" dataFile="escudo.png.data" xsi:type="fileResource"><folder>/reports_siaps_seguimiento/siaps/seguimiento/rpt_dia_cap_files</folder><name>escudo.png</name><version>0</version><label>escudo.png</label><description></description><creationDate>2015-02-06T11:13:35.481-06:00</creationDate><updateDate>2015-02-06T11:13:35.481-06:00</updateDate><fileType>img</fileType></localResource></resource><resource><localResource xmlns:xsi="http://www.w3.org/2001/XMLSchema-instance" exportedWithPermissions="false" dataFile="minsal.jpg.data" xsi:type="fileResource"><folder>/reports_siaps_seguimiento/siaps/seguimiento/rpt_dia_cap_files</folder><name>minsal.jpg</name><version>0</version><label>minsal.jpg</label><description></description><creationDate>2015-02-06T11:13:35.481-06:00</creationDate><updateDate>2015-02-06T11:13:35.481-06:00</updateDate><fileType>img</fileType></localResource></resource><inputControlRenderingView></inputControlRenderingView><alwaysPromptControls>true</alwaysPromptControls><controlsLayout>1</controlsLayout></reportUnit>