<?xml version="1.0" encoding="UTF-8"?>
<jdbcDataSource exportedWithPermissions="true"><folder>/reports_siaps_seguimiento/siaps/seguimiento</folder><name>sipernes</name><version>2</version><label>sipernes</label><description></description><creationDate>2015-04-09T09:42:49.721-06:00</creationDate><updateDate>2015-01-29T11:21:49.496-06:00</updateDate><driver>org.postgresql.Driver</driver><connectionUrl>jdbc:postgresql://localhost:5432/base_siap</connectionUrl><connectionUser>siap</connectionUser><connectionPassword>ENC&lt;48F2CBF603E6E862F0A6FF2C5C05F2DD&gt;</connectionPassword><timezone></timezone></jdbcDataSource>