<?xml version="1.0" encoding="UTF-8"?>
<reportUnit exportedWithPermissions="true"><folder>/reports_siaps_seguimiento/siaps/seguimiento</folder><name>rpt_con_vac_apl_ult</name><version>1</version><label>rpt_con_vac_apl_ult</label><description>Consolidado de vacunas	aplicadas en los ultimos siete dias</description><creationDate>2015-05-12T16:13:22.301-06:00</creationDate><updateDate>2015-05-12T15:14:33.838-06:00</updateDate><mainReport><localResource xmlns:xsi="http://www.w3.org/2001/XMLSchema-instance" exportedWithPermissions="false" dataFile="rpt_con_vac_apl_ult_.data" xsi:type="fileResource"><folder>/reports_siaps_seguimiento/siaps/seguimiento/rpt_con_vac_apl_ult_files</folder><name>rpt_con_vac_apl_ult_</name><version>1</version><label>rpt_con_vac_apl_ult</label><creationDate>2015-05-12T16:13:22.301-06:00</creationDate><updateDate>2015-03-27T01:21:44.830-06:00</updateDate><fileType>jrxml</fileType></localResource></mainReport><dataSource><uri>/reports_siaps_seguimiento/siaps/seguimiento/sipernes</uri></dataSource><inputControl><localResource xmlns:xsi="http://www.w3.org/2001/XMLSchema-instance" exportedWithPermissions="false" xsi:type="inputControl"><folder>/reports_siaps_seguimiento/siaps/seguimiento/rpt_con_vac_apl_ult_files</folder><name>codigoEmp</name><version>1</version><label>codigoEmp</label><description></description><creationDate>2015-05-12T16:13:22.301-06:00</creationDate><updateDate>2015-03-27T01:21:44.830-06:00</updateDate><type>2</type><mandatory>false</mandatory><readOnly>false</readOnly><visible>true</visible><dataType><localResource exportedWithPermissions="false" xsi:type="dataType"><folder>/reports_siaps_seguimiento/siaps/seguimiento/rpt_con_vac_apl_ult_files/codigoEmp_files</folder><name>codigoEmp</name><version>0</version><label>codigoEmp</label><description></description><creationDate>2015-05-12T16:13:22.301-06:00</creationDate><updateDate>2015-03-27T01:21:44.830-06:00</updateDate><type>2</type><regularExpr></regularExpr><strictMin>false</strictMin><strictMax>false</strictMax></localResource></dataType></localResource></inputControl><inputControl><localResource xmlns:xsi="http://www.w3.org/2001/XMLSchema-instance" exportedWithPermissions="false" xsi:type="inputControl"><folder>/reports_siaps_seguimiento/siaps/seguimiento/rpt_con_vac_apl_ult_files</folder><name>codigoExp</name><version>1</version><label>codigoExp</label><description></description><creationDate>2015-05-12T16:13:22.301-06:00</creationDate><updateDate>2015-03-27T01:21:44.830-06:00</updateDate><type>2</type><mandatory>false</mandatory><readOnly>false</readOnly><visible>true</visible><dataType><localResource exportedWithPermissions="false" xsi:type="dataType"><folder>/reports_siaps_seguimiento/siaps/seguimiento/rpt_con_vac_apl_ult_files/codigoExp_files</folder><name>codigoExp</name><version>0</version><label>codigoExp</label><description></description><creationDate>2015-05-12T16:13:22.301-06:00</creationDate><updateDate>2015-03-27T01:21:44.830-06:00</updateDate><type>2</type><regularExpr></regularExpr><strictMin>false</strictMin><strictMax>false</strictMax></localResource></dataType></localResource></inputControl><inputControl><localResource xmlns:xsi="http://www.w3.org/2001/XMLSchema-instance" exportedWithPermissions="false" xsi:type="inputControl"><folder>/reports_siaps_seguimiento/siaps/seguimiento/rpt_con_vac_apl_ult_files</folder><name>fpfin</name><version>1</version><label>fpfin</label><description></description><creationDate>2015-05-12T16:13:22.301-06:00</creationDate><updateDate>2015-03-27T01:21:44.830-06:00</updateDate><type>2</type><mandatory>false</mandatory><readOnly>false</readOnly><visible>true</visible><dataType><localResource exportedWithPermissions="false" xsi:type="dataType"><folder>/reports_siaps_seguimiento/siaps/seguimiento/rpt_con_vac_apl_ult_files/fpfin_files</folder><name>fpfin</name><version>0</version><label>fpfin</label><description></description><creationDate>2015-05-12T16:13:22.301-06:00</creationDate><updateDate>2015-03-27T01:21:44.830-06:00</updateDate><type>1</type><regularExpr></regularExpr><strictMin>false</strictMin><strictMax>false</strictMax></localResource></dataType></localResource></inputControl><inputControl><localResource xmlns:xsi="http://www.w3.org/2001/XMLSchema-instance" exportedWithPermissions="false" xsi:type="inputControl"><folder>/reports_siaps_seguimiento/siaps/seguimiento/rpt_con_vac_apl_ult_files</folder><name>fpini</name><version>1</version><label>fpini</label><description></description><creationDate>2015-05-12T16:13:22.301-06:00</creationDate><updateDate>2015-03-27T01:21:44.830-06:00</updateDate><type>2</type><mandatory>false</mandatory><readOnly>false</readOnly><visible>true</visible><dataType><localResource exportedWithPermissions="false" xsi:type="dataType"><folder>/reports_siaps_seguimiento/siaps/seguimiento/rpt_con_vac_apl_ult_files/fpini_files</folder><name>fpini</name><version>0</version><label>fpini</label><description></description><creationDate>2015-05-12T16:13:22.301-06:00</creationDate><updateDate>2015-03-27T01:21:44.830-06:00</updateDate><type>1</type><regularExpr></regularExpr><strictMin>false</strictMin><strictMax>false</strictMax></localResource></dataType></localResource></inputControl><inputControl><localResource xmlns:xsi="http://www.w3.org/2001/XMLSchema-instance" exportedWithPermissions="false" xsi:type="inputControl"><folder>/reports_siaps_seguimiento/siaps/seguimiento/rpt_con_vac_apl_ult_files</folder><name>id_servicio</name><version>1</version><label>id_servicio</label><description></description><creationDate>2015-05-12T16:13:22.301-06:00</creationDate><updateDate>2015-03-27T01:21:44.830-06:00</updateDate><type>2</type><mandatory>false</mandatory><readOnly>false</readOnly><visible>true</visible><dataType><localResource exportedWithPermissions="false" xsi:type="dataType"><folder>/reports_siaps_seguimiento/siaps/seguimiento/rpt_con_vac_apl_ult_files/id_servicio_files</folder><name>id_servicio</name><version>0</version><label>id_servicio</label><description></description><creationDate>2015-05-12T16:13:22.301-06:00</creationDate><updateDate>2015-03-27T01:21:44.830-06:00</updateDate><type>2</type><regularExpr></regularExpr><strictMin>false</strictMin><strictMax>false</strictMax></localResource></dataType></localResource></inputControl><inputControl><localResource xmlns:xsi="http://www.w3.org/2001/XMLSchema-instance" exportedWithPermissions="false" xsi:type="inputControl"><folder>/reports_siaps_seguimiento/siaps/seguimiento/rpt_con_vac_apl_ult_files</folder><name>tipoEstable</name><version>1</version><label>tipoEstable</label><description></description><creationDate>2015-05-12T16:13:22.301-06:00</creationDate><updateDate>2015-03-27T01:21:44.830-06:00</updateDate><type>2</type><mandatory>false</mandatory><readOnly>false</readOnly><visible>true</visible><dataType><localResource exportedWithPermissions="false" xsi:type="dataType"><folder>/reports_siaps_seguimiento/siaps/seguimiento/rpt_con_vac_apl_ult_files/tipoEstable_files</folder><name>tipoEstable</name><version>0</version><label>tipoEstable</label><description></description><creationDate>2015-05-12T16:13:22.301-06:00</creationDate><updateDate>2015-03-27T01:21:44.830-06:00</updateDate><type>2</type><regularExpr></regularExpr><strictMin>false</strictMin><strictMax>false</strictMax></localResource></dataType></localResource></inputControl><inputControl><localResource xmlns:xsi="http://www.w3.org/2001/XMLSchema-instance" exportedWithPermissions="false" xsi:type="inputControl"><folder>/reports_siaps_seguimiento/siaps/seguimiento/rpt_con_vac_apl_ult_files</folder><name>presentacion</name><version>1</version><label>presentacion</label><description></description><creationDate>2015-05-12T16:13:22.301-06:00</creationDate><updateDate>2015-04-29T11:15:56.615-06:00</updateDate><type>2</type><mandatory>false</mandatory><readOnly>false</readOnly><visible>true</visible><dataType><localResource exportedWithPermissions="false" xsi:type="dataType"><folder>/reports_siaps_seguimiento/siaps/seguimiento/rpt_con_vac_apl_ult_files/presentacion_files</folder><name>presenrtacion</name><version>0</version><label>presenrtacion</label><description></description><creationDate>2015-05-12T16:13:22.301-06:00</creationDate><updateDate>2015-04-29T11:15:56.615-06:00</updateDate><type>2</type><regularExpr></regularExpr><strictMin>false</strictMin><strictMax>false</strictMax></localResource></dataType></localResource></inputControl><resource><localResource xmlns:xsi="http://www.w3.org/2001/XMLSchema-instance" exportedWithPermissions="false" dataFile="escudo.data" xsi:type="fileResource"><folder>/reports_siaps_seguimiento/siaps/seguimiento/rpt_con_vac_apl_ult_files</folder><name>escudo</name><version>1</version><label>escudo</label><description></description><creationDate>2015-05-12T16:13:22.301-06:00</creationDate><updateDate>2015-03-27T01:21:44.830-06:00</updateDate><fileType>img</fileType></localResource></resource><resource><localResource xmlns:xsi="http://www.w3.org/2001/XMLSchema-instance" exportedWithPermissions="false" dataFile="minsal.data" xsi:type="fileResource"><folder>/reports_siaps_seguimiento/siaps/seguimiento/rpt_con_vac_apl_ult_files</folder><name>minsal</name><version>1</version><label>minsal</label><description></description><creationDate>2015-05-12T16:13:22.301-06:00</creationDate><updateDate>2015-03-27T01:21:44.830-06:00</updateDate><fileType>img</fileType></localResource></resource><inputControlRenderingView></inputControlRenderingView><alwaysPromptControls>true</alwaysPromptControls><controlsLayout>1</controlsLayout></reportUnit>