<?xml version="1.0" encoding="UTF-8"?>
<folder exportedWithPermissions="true"><parent>/reports_siaps_seguimiento/siaps</parent><name>seguimiento</name><label>seguimiento</label><description></description><creationDate>2015-03-28T03:32:22.686-06:00</creationDate><updateDate>2015-01-08T09:34:40.290-06:00</updateDate><resource>rpt_anot_diario</resource><resource>rpt_com_mic_pla</resource><resource>rpt_com_pa_diag</resource><resource>rpt_com_vac_pla</resource><resource>rpt_con_act</resource><resource>rpt_con_act_ult_7</resource><resource>rpt_con_anot</resource><resource>rpt_con_anot_1</resource><resource>rpt_con_anot_2</resource><resource>rpt_con_anot_3</resource><resource>rpt_con_dia_diag</resource><resource>rpt_con_dia_diag_pac</resource><resource>rpt_con_dia_diag_ult</resource><resource>rpt_con_diag</resource><resource>rpt_con_mic_apl</resource><resource>rpt_con_mic_apl_ult</resource><resource>rpt_con_micro</resource><resource>rpt_con_sem_anot</resource><resource>rpt_con_sem_vac</resource><resource>rpt_con_vac</resource><resource>rpt_con_vac_apl</resource><resource>rpt_con_vac_apl_ult</resource><resource>rpt_control_vac</resource><resource>rpt_dia_cap</resource><resource>rpt_dia_inter</resource><resource>rpt_dia_pro</resource><resource>rpt_dia_prod_vac</resource><resource>rpt_diario_act</resource><resource>rpt_diario_niños_inmun</resource><resource>rpt_diario_vac_ent_y_rec</resource><resource>rpt_est_pac_dia</resource><resource>rpt_est_pac_dia_1</resource><resource>rpt_inf_dia_diag</resource><resource>rpt_prod_vac</resource><resource>sipernes</resource></folder>