<?xml version="1.0" encoding="UTF-8"?>
<reportUnit exportedWithPermissions="true"><folder>/reports_siaps_seguimiento/siaps/seguimiento</folder><name>rpt_dia_inter</name><version>1</version><label>rpt_dia_inter</label><description></description><creationDate>2015-04-10T21:05:40.107-06:00</creationDate><updateDate>2015-03-14T11:07:51.125-06:00</updateDate><mainReport><localResource xmlns:xsi="http://www.w3.org/2001/XMLSchema-instance" exportedWithPermissions="false" dataFile="rpt_dia_inter_.data" xsi:type="fileResource"><folder>/reports_siaps_seguimiento/siaps/seguimiento/rpt_dia_inter_files</folder><name>rpt_dia_inter_</name><version>1</version><label>rpt_dia_inter</label><creationDate>2015-04-10T21:05:40.107-06:00</creationDate><updateDate>2015-02-02T01:12:21.340-06:00</updateDate><fileType>jrxml</fileType></localResource></mainReport><dataSource><uri>/reports_siaps_seguimiento/siaps/seguimiento/sipernes</uri></dataSource><inputControl><localResource xmlns:xsi="http://www.w3.org/2001/XMLSchema-instance" exportedWithPermissions="false" xsi:type="inputControl"><folder>/reports_siaps_seguimiento/siaps/seguimiento/rpt_dia_inter_files</folder><name>codigoEmp</name><version>1</version><label>codigoEmp</label><description></description><creationDate>2015-04-10T21:05:40.107-06:00</creationDate><updateDate>2015-02-02T01:12:21.340-06:00</updateDate><type>2</type><mandatory>false</mandatory><readOnly>false</readOnly><visible>true</visible><dataType><localResource exportedWithPermissions="false" xsi:type="dataType"><folder>/reports_siaps_seguimiento/siaps/seguimiento/rpt_dia_inter_files/codigoEmp_files</folder><name>codigoEmp</name><version>0</version><label>codigoEmp</label><description></description><creationDate>2015-04-10T21:05:40.107-06:00</creationDate><updateDate>2015-02-02T01:12:21.340-06:00</updateDate><type>1</type><regularExpr></regularExpr><strictMin>false</strictMin><strictMax>false</strictMax></localResource></dataType></localResource></inputControl><inputControl><localResource xmlns:xsi="http://www.w3.org/2001/XMLSchema-instance" exportedWithPermissions="false" xsi:type="inputControl"><folder>/reports_siaps_seguimiento/siaps/seguimiento/rpt_dia_inter_files</folder><name>codigoExp</name><version>1</version><label>codigoExp</label><description></description><creationDate>2015-04-10T21:05:40.107-06:00</creationDate><updateDate>2015-02-02T01:12:21.340-06:00</updateDate><type>2</type><mandatory>false</mandatory><readOnly>false</readOnly><visible>true</visible><dataType><localResource exportedWithPermissions="false" xsi:type="dataType"><folder>/reports_siaps_seguimiento/siaps/seguimiento/rpt_dia_inter_files/codigoExp_files</folder><name>codigoExp</name><version>0</version><label>codigoExp</label><description></description><creationDate>2015-04-10T21:05:40.107-06:00</creationDate><updateDate>2015-02-02T01:12:21.340-06:00</updateDate><type>1</type><regularExpr></regularExpr><strictMin>false</strictMin><strictMax>false</strictMax></localResource></dataType></localResource></inputControl><inputControl><localResource xmlns:xsi="http://www.w3.org/2001/XMLSchema-instance" exportedWithPermissions="false" xsi:type="inputControl"><folder>/reports_siaps_seguimiento/siaps/seguimiento/rpt_dia_inter_files</folder><name>fpini</name><version>1</version><label>fpini</label><description></description><creationDate>2015-04-10T21:05:40.107-06:00</creationDate><updateDate>2015-02-02T01:12:21.340-06:00</updateDate><type>2</type><mandatory>false</mandatory><readOnly>false</readOnly><visible>true</visible><dataType><localResource exportedWithPermissions="false" xsi:type="dataType"><folder>/reports_siaps_seguimiento/siaps/seguimiento/rpt_dia_inter_files/fpini_files</folder><name>fpini</name><version>0</version><label>fpini</label><description></description><creationDate>2015-04-10T21:05:40.107-06:00</creationDate><updateDate>2015-02-02T01:12:21.340-06:00</updateDate><type>1</type><regularExpr></regularExpr><strictMin>false</strictMin><strictMax>false</strictMax></localResource></dataType></localResource></inputControl><inputControl><localResource xmlns:xsi="http://www.w3.org/2001/XMLSchema-instance" exportedWithPermissions="false" xsi:type="inputControl"><folder>/reports_siaps_seguimiento/siaps/seguimiento/rpt_dia_inter_files</folder><name>fpfin</name><version>1</version><label>fpfin</label><description></description><creationDate>2015-04-10T21:05:40.107-06:00</creationDate><updateDate>2015-02-02T01:12:21.340-06:00</updateDate><type>2</type><mandatory>false</mandatory><readOnly>false</readOnly><visible>true</visible><dataType><localResource exportedWithPermissions="false" xsi:type="dataType"><folder>/reports_siaps_seguimiento/siaps/seguimiento/rpt_dia_inter_files/fpfin_files</folder><name>fpfin</name><version>0</version><label>fpfin</label><description></description><creationDate>2015-04-10T21:05:40.107-06:00</creationDate><updateDate>2015-02-02T01:12:21.340-06:00</updateDate><type>1</type><regularExpr></regularExpr><strictMin>false</strictMin><strictMax>false</strictMax></localResource></dataType></localResource></inputControl><inputControl><localResource xmlns:xsi="http://www.w3.org/2001/XMLSchema-instance" exportedWithPermissions="false" xsi:type="inputControl"><folder>/reports_siaps_seguimiento/siaps/seguimiento/rpt_dia_inter_files</folder><name>tipoEstable</name><version>1</version><label>tipoEstable</label><description></description><creationDate>2015-04-10T21:05:40.107-06:00</creationDate><updateDate>2015-02-02T01:12:21.340-06:00</updateDate><type>2</type><mandatory>false</mandatory><readOnly>false</readOnly><visible>true</visible><dataType><localResource exportedWithPermissions="false" xsi:type="dataType"><folder>/reports_siaps_seguimiento/siaps/seguimiento/rpt_dia_inter_files/tipoEstable_files</folder><name>tipoEstable</name><version>0</version><label>tipoEstable</label><description></description><creationDate>2015-04-10T21:05:40.107-06:00</creationDate><updateDate>2015-02-02T01:12:21.340-06:00</updateDate><type>2</type><regularExpr></regularExpr><strictMin>false</strictMin><strictMax>false</strictMax></localResource></dataType></localResource></inputControl><inputControl><localResource xmlns:xsi="http://www.w3.org/2001/XMLSchema-instance" exportedWithPermissions="false" xsi:type="inputControl"><folder>/reports_siaps_seguimiento/siaps/seguimiento/rpt_dia_inter_files</folder><name>id_servicio</name><version>1</version><label>id_servicio</label><description></description><creationDate>2015-04-10T21:05:40.107-06:00</creationDate><updateDate>2015-02-02T01:12:21.340-06:00</updateDate><type>2</type><mandatory>false</mandatory><readOnly>false</readOnly><visible>true</visible><dataType><localResource exportedWithPermissions="false" xsi:type="dataType"><folder>/reports_siaps_seguimiento/siaps/seguimiento/rpt_dia_inter_files/id_servicio_files</folder><name>id_servicio</name><version>0</version><label>id_servicio</label><description></description><creationDate>2015-04-10T21:05:40.107-06:00</creationDate><updateDate>2015-02-02T01:12:21.340-06:00</updateDate><type>2</type><regularExpr></regularExpr><strictMin>false</strictMin><strictMax>false</strictMax></localResource></dataType></localResource></inputControl><resource><localResource xmlns:xsi="http://www.w3.org/2001/XMLSchema-instance" exportedWithPermissions="false" dataFile="escudo.png.data" xsi:type="fileResource"><folder>/reports_siaps_seguimiento/siaps/seguimiento/rpt_dia_inter_files</folder><name>escudo.png</name><version>1</version><label>escudo.png</label><description></description><creationDate>2015-04-10T21:05:40.107-06:00</creationDate><updateDate>2015-02-02T01:12:21.340-06:00</updateDate><fileType>img</fileType></localResource></resource><resource><localResource xmlns:xsi="http://www.w3.org/2001/XMLSchema-instance" exportedWithPermissions="false" dataFile="minsal.jpg.data" xsi:type="fileResource"><folder>/reports_siaps_seguimiento/siaps/seguimiento/rpt_dia_inter_files</folder><name>minsal.jpg</name><version>1</version><label>minsal.jpg</label><description></description><creationDate>2015-04-10T21:05:40.107-06:00</creationDate><updateDate>2015-02-02T01:12:21.340-06:00</updateDate><fileType>img</fileType></localResource></resource><inputControlRenderingView></inputControlRenderingView><alwaysPromptControls>false</alwaysPromptControls><controlsLayout>1</controlsLayout></reportUnit>