<?xml version="1.0" encoding="UTF-8"?>
<reportUnit exportedWithPermissions="true"><folder>/reports_siaps_seguimiento/siaps/seguimiento</folder><name>rpt_con_act</name><version>2</version><label>rpt_con_act</label><description></description><creationDate>2015-05-19T14:58:54.720-06:00</creationDate><updateDate>2015-06-13T10:46:46.220-06:00</updateDate><mainReport><localResource xmlns:xsi="http://www.w3.org/2001/XMLSchema-instance" exportedWithPermissions="false" dataFile="rpt_con_act_.data" xsi:type="fileResource"><folder>/reports_siaps_seguimiento/siaps/seguimiento/rpt_con_act_files</folder><name>rpt_con_act_</name><version>2</version><label>rpt_con_act</label><creationDate>2015-05-19T14:58:54.720-06:00</creationDate><updateDate>2015-02-01T23:19:59.612-06:00</updateDate><fileType>jrxml</fileType></localResource></mainReport><dataSource><uri>/reports_siaps_seguimiento/siaps/seguimiento/sipernes</uri></dataSource><inputControl><localResource xmlns:xsi="http://www.w3.org/2001/XMLSchema-instance" exportedWithPermissions="false" xsi:type="inputControl"><folder>/reports_siaps_seguimiento/siaps/seguimiento/rpt_con_act_files</folder><name>codigoEmp</name><version>2</version><label>codigoEmp</label><description></description><creationDate>2015-05-19T14:58:54.720-06:00</creationDate><updateDate>2015-02-01T23:19:59.612-06:00</updateDate><type>2</type><mandatory>false</mandatory><readOnly>false</readOnly><visible>true</visible><dataType><localResource exportedWithPermissions="false" xsi:type="dataType"><folder>/reports_siaps_seguimiento/siaps/seguimiento/rpt_con_act_files/codigoEmp_files</folder><name>codigoEmp</name><version>0</version><label>codigoEmp</label><description></description><creationDate>2015-05-19T14:58:54.720-06:00</creationDate><updateDate>2015-02-01T23:19:59.612-06:00</updateDate><type>2</type><regularExpr></regularExpr><strictMin>false</strictMin><strictMax>false</strictMax></localResource></dataType></localResource></inputControl><inputControl><localResource xmlns:xsi="http://www.w3.org/2001/XMLSchema-instance" exportedWithPermissions="false" xsi:type="inputControl"><folder>/reports_siaps_seguimiento/siaps/seguimiento/rpt_con_act_files</folder><name>codigoExp</name><version>2</version><label>codigoExp</label><description></description><creationDate>2015-05-19T14:58:54.720-06:00</creationDate><updateDate>2015-02-01T23:19:59.612-06:00</updateDate><type>2</type><mandatory>false</mandatory><readOnly>false</readOnly><visible>true</visible><dataType><localResource exportedWithPermissions="false" xsi:type="dataType"><folder>/reports_siaps_seguimiento/siaps/seguimiento/rpt_con_act_files/codigoExp_files</folder><name>codigoExp</name><version>0</version><label>codigoExp</label><description></description><creationDate>2015-05-19T14:58:54.720-06:00</creationDate><updateDate>2015-02-01T23:19:59.612-06:00</updateDate><type>2</type><regularExpr></regularExpr><strictMin>false</strictMin><strictMax>false</strictMax></localResource></dataType></localResource></inputControl><inputControl><localResource xmlns:xsi="http://www.w3.org/2001/XMLSchema-instance" exportedWithPermissions="false" xsi:type="inputControl"><folder>/reports_siaps_seguimiento/siaps/seguimiento/rpt_con_act_files</folder><name>fpini</name><version>2</version><label>fpini</label><description></description><creationDate>2015-05-19T14:58:54.720-06:00</creationDate><updateDate>2015-02-01T23:19:59.612-06:00</updateDate><type>2</type><mandatory>false</mandatory><readOnly>false</readOnly><visible>true</visible><dataType><localResource exportedWithPermissions="false" xsi:type="dataType"><folder>/reports_siaps_seguimiento/siaps/seguimiento/rpt_con_act_files/fpini_files</folder><name>fpini</name><version>0</version><label>fpini</label><description></description><creationDate>2015-05-19T14:58:54.720-06:00</creationDate><updateDate>2015-02-01T23:19:59.612-06:00</updateDate><type>1</type><regularExpr></regularExpr><strictMin>false</strictMin><strictMax>false</strictMax></localResource></dataType></localResource></inputControl><inputControl><localResource xmlns:xsi="http://www.w3.org/2001/XMLSchema-instance" exportedWithPermissions="false" xsi:type="inputControl"><folder>/reports_siaps_seguimiento/siaps/seguimiento/rpt_con_act_files</folder><name>fpfin</name><version>2</version><label>fpfin</label><description></description><creationDate>2015-05-19T14:58:54.720-06:00</creationDate><updateDate>2015-02-01T23:19:59.612-06:00</updateDate><type>2</type><mandatory>false</mandatory><readOnly>false</readOnly><visible>true</visible><dataType><localResource exportedWithPermissions="false" xsi:type="dataType"><folder>/reports_siaps_seguimiento/siaps/seguimiento/rpt_con_act_files/fpfin_files</folder><name>fpfin</name><version>0</version><label>fpfin</label><description></description><creationDate>2015-05-19T14:58:54.720-06:00</creationDate><updateDate>2015-02-01T23:19:59.612-06:00</updateDate><type>1</type><regularExpr></regularExpr><strictMin>false</strictMin><strictMax>false</strictMax></localResource></dataType></localResource></inputControl><inputControl><localResource xmlns:xsi="http://www.w3.org/2001/XMLSchema-instance" exportedWithPermissions="false" xsi:type="inputControl"><folder>/reports_siaps_seguimiento/siaps/seguimiento/rpt_con_act_files</folder><name>tipoEstable</name><version>2</version><label>tipoEstable</label><description></description><creationDate>2015-05-19T14:58:54.720-06:00</creationDate><updateDate>2015-02-01T23:19:59.612-06:00</updateDate><type>2</type><mandatory>false</mandatory><readOnly>false</readOnly><visible>true</visible><dataType><localResource exportedWithPermissions="false" xsi:type="dataType"><folder>/reports_siaps_seguimiento/siaps/seguimiento/rpt_con_act_files/tipoEstable_files</folder><name>tipoEstable</name><version>0</version><label>tipoEstable</label><description></description><creationDate>2015-05-19T14:58:54.720-06:00</creationDate><updateDate>2015-02-01T23:19:59.612-06:00</updateDate><type>2</type><regularExpr></regularExpr><strictMin>false</strictMin><strictMax>false</strictMax></localResource></dataType></localResource></inputControl><inputControl><localResource xmlns:xsi="http://www.w3.org/2001/XMLSchema-instance" exportedWithPermissions="false" xsi:type="inputControl"><folder>/reports_siaps_seguimiento/siaps/seguimiento/rpt_con_act_files</folder><name>id_servicio</name><version>2</version><label>id_servicio</label><description></description><creationDate>2015-05-19T14:58:54.720-06:00</creationDate><updateDate>2015-02-01T23:19:59.612-06:00</updateDate><type>2</type><mandatory>false</mandatory><readOnly>false</readOnly><visible>true</visible><dataType><localResource exportedWithPermissions="false" xsi:type="dataType"><folder>/reports_siaps_seguimiento/siaps/seguimiento/rpt_con_act_files/id_servicio_files</folder><name>id_servicio</name><version>0</version><label>id_servicio</label><description></description><creationDate>2015-05-19T14:58:54.720-06:00</creationDate><updateDate>2015-02-01T23:19:59.612-06:00</updateDate><type>2</type><regularExpr></regularExpr><strictMin>false</strictMin><strictMax>false</strictMax></localResource></dataType></localResource></inputControl><inputControl><localResource xmlns:xsi="http://www.w3.org/2001/XMLSchema-instance" exportedWithPermissions="false" xsi:type="inputControl"><folder>/reports_siaps_seguimiento/siaps/seguimiento/rpt_con_act_files</folder><name>subactividad</name><version>2</version><label>subactividad</label><description></description><creationDate>2015-05-19T14:58:54.720-06:00</creationDate><updateDate>2015-02-07T16:40:22.436-06:00</updateDate><type>2</type><mandatory>true</mandatory><readOnly>false</readOnly><visible>true</visible><dataType><localResource exportedWithPermissions="false" xsi:type="dataType"><folder>/reports_siaps_seguimiento/siaps/seguimiento/rpt_con_act_files/subactividad_files</folder><name>subactividad</name><version>0</version><label>subactividad</label><description></description><creationDate>2015-05-19T14:58:54.720-06:00</creationDate><updateDate>2015-02-07T16:40:22.436-06:00</updateDate><type>2</type><regularExpr></regularExpr><strictMin>false</strictMin><strictMax>false</strictMax></localResource></dataType></localResource></inputControl><inputControl><localResource xmlns:xsi="http://www.w3.org/2001/XMLSchema-instance" exportedWithPermissions="false" xsi:type="inputControl"><folder>/reports_siaps_seguimiento/siaps/seguimiento/rpt_con_act_files</folder><name>municipio</name><version>2</version><label>municipio</label><description></description><creationDate>2015-05-19T14:58:54.720-06:00</creationDate><updateDate>2015-02-13T16:11:05.538-06:00</updateDate><type>2</type><mandatory>false</mandatory><readOnly>false</readOnly><visible>true</visible><dataType><localResource exportedWithPermissions="false" xsi:type="dataType"><folder>/reports_siaps_seguimiento/siaps/seguimiento/rpt_con_act_files/municipio_files</folder><name>municipio</name><version>0</version><label>municipio</label><description></description><creationDate>2015-05-19T14:58:54.720-06:00</creationDate><updateDate>2015-02-13T16:11:05.538-06:00</updateDate><type>2</type><regularExpr></regularExpr><strictMin>false</strictMin><strictMax>false</strictMax></localResource></dataType></localResource></inputControl><resource><localResource xmlns:xsi="http://www.w3.org/2001/XMLSchema-instance" exportedWithPermissions="false" dataFile="minsal.jpg.data" xsi:type="fileResource"><folder>/reports_siaps_seguimiento/siaps/seguimiento/rpt_con_act_files</folder><name>minsal.jpg</name><version>0</version><label>minsal.jpg</label><description></description><creationDate>2015-05-19T14:58:54.720-06:00</creationDate><updateDate>2015-02-01T23:19:59.612-06:00</updateDate><fileType>img</fileType></localResource></resource><resource><localResource xmlns:xsi="http://www.w3.org/2001/XMLSchema-instance" exportedWithPermissions="false" dataFile="escudo.png.data" xsi:type="fileResource"><folder>/reports_siaps_seguimiento/siaps/seguimiento/rpt_con_act_files</folder><name>escudo.png</name><version>0</version><label>escudo.png</label><description></description><creationDate>2015-05-19T14:58:54.720-06:00</creationDate><updateDate>2015-02-01T23:19:59.612-06:00</updateDate><fileType>img</fileType></localResource></resource><inputControlRenderingView></inputControlRenderingView><alwaysPromptControls>false</alwaysPromptControls><controlsLayout>1</controlsLayout></reportUnit>